accuracy,precision,recall,f1
0.17365300379508275,0.22888155227442386,0.17365300379508275,0.1968172606512169
