accuracy,precision,recall,f1
0.8502792716026306,0.6822107269003752,0.6783301635930226,0.6452499188090677
