accuracy,precision,recall,f1
0.9391065635138508,0.9390888623614293,0.9391065635138508,0.9390957091259523
