accuracy,precision,recall,f1
0.9389774790668055,0.9389545912285273,0.9389774790668055,0.9389633320236275
