model,accuracy,precision,recall,f1
str,0.17365300379508275,0.22888155227442386,0.17365300379508275,0.1968172606512169
DecisionTreeClassifier,0.9389774790668055,0.9389545912285273,0.9389774790668055,0.9389633320236275
RandomForestClassifier,0.929666187619941,0.9295340245771484,0.929666187619941,0.9292548645806284
Sequential,0.8502792716026306,0.6822107269003752,0.6783301635930226,0.6452499188090677
