accuracy,precision,recall,f1
0.929666187619941,0.9295340245771484,0.929666187619941,0.9292548645806284
